2022-07-19 21:50:07.547506,0,49171619840,83932524544,48707.4375,432.5625,38412.4375,10727.5625,37514.4375,11625.5625,40452.4375,8687.5625,34742.4375,14397.5625,39386.4375,9753.5625,34984.4375,14155.5625,40266.4375,8873.5625
2022-07-19 21:53:07.653735,0,49155964928,83911852032,31447.4375,17692.5625,38412.4375,10727.5625,40898.4375,8241.5625,40452.4375,8687.5625,37206.4375,11933.5625,41030.4375,8109.5625,39306.4375,9833.5625,40266.4375,8873.5625
2022-07-19 21:56:07.753652,0,49699270656,83338178560,31447.4375,17692.5625,38412.4375,10727.5625,40898.4375,8241.5625,42664.4375,6475.5625,38048.4375,11091.5625,41864.4375,7275.5625,39306.4375,9833.5625,40266.4375,8873.5625
2022-07-19 21:59:07.769793,0,50017718272,83023540224,39739.4375,9400.5625,40818.4375,8321.5625,40898.4375,8241.5625,42664.4375,6475.5625,38902.4375,10237.5625,41864.4375,7275.5625,39306.4375,9833.5625,40266.4375,8873.5625
2022-07-19 22:02:07.791395,0,50579701760,82445287424,44951.4375,4188.5625,40818.4375,8321.5625,40898.4375,8241.5625,42664.4375,6475.5625,38902.4375,10237.5625,43678.4375,5461.5625,41062.4375,8077.5625,42084.4375,7055.5625
2022-07-19 22:05:07.820661,0,51014750208,82008338432,44951.4375,4188.5625,41690.4375,7449.5625,40898.4375,8241.5625,42664.4375,6475.5625,38902.4375,10237.5625,43678.4375,5461.5625,41062.4375,8077.5625,42084.4375,7055.5625
2022-07-19 22:08:07.875562,0,51307962368,81698213888,44951.4375,4188.5625,41690.4375,7449.5625,41782.4375,7357.5625,42664.4375,6475.5625,38902.4375,10237.5625,43678.4375,5461.5625,41062.4375,8077.5625,42084.4375,7055.5625
2022-07-19 22:11:07.898252,0,51564560384,81440468992,47323.4375,1816.5625,41690.4375,7449.5625,41782.4375,7357.5625,42664.4375,6475.5625,39762.4375,9377.5625,43678.4375,5461.5625,41062.4375,8077.5625,42084.4375,7055.5625
2022-07-19 22:14:07.999543,0,51046739968,81957900288,34659.4375,14480.5625,41690.4375,7449.5625,42678.4375,6461.5625,42664.4375,6475.5625,39762.4375,9377.5625,43678.4375,5461.5625,41062.4375,8077.5625,42084.4375,7055.5625
2022-07-19 22:17:08.065628,0,51081064448,81966858240,36133.4375,13006.5625,41690.4375,7449.5625,42678.4375,6461.5625,42664.4375,6475.5625,39762.4375,9377.5625,43678.4375,5461.5625,42910.4375,6229.5625,42084.4375,7055.5625
2022-07-19 22:20:08.166951,0,51270967296,81776201728,36133.4375,13006.5625,41690.4375,7449.5625,42678.4375,6461.5625,42664.4375,6475.5625,39762.4375,9377.5625,43678.4375,5461.5625,42910.4375,6229.5625,42084.4375,7055.5625
2022-07-19 22:23:08.205706,0,51457265664,81584136192,36133.4375,13006.5625,41690.4375,7449.5625,42678.4375,6461.5625,44440.4375,4699.5625,39762.4375,9377.5625,43678.4375,5461.5625,42910.4375,6229.5625,42084.4375,7055.5625
2022-07-19 22:26:08.249220,0,51614642176,81416736768,36133.4375,13006.5625,43454.4375,5685.5625,42678.4375,6461.5625,44440.4375,4699.5625,40638.4375,8501.5625,43678.4375,5461.5625,42910.4375,6229.5625,42084.4375,7055.5625
2022-07-19 22:29:08.331936,0,51759452160,81243111424,36133.4375,13006.5625,45298.4375,3841.5625,42678.4375,6461.5625,44440.4375,4699.5625,40638.4375,8501.5625,43678.4375,5461.5625,42910.4375,6229.5625,42084.4375,7055.5625
2022-07-19 22:32:08.498192,0,51881963520,81144889344,36133.4375,13006.5625,45298.4375,3841.5625,42678.4375,6461.5625,44440.4375,4699.5625,41540.4375,7599.5625,43678.4375,5461.5625,42910.4375,6229.5625,42084.4375,7055.5625
2022-07-19 22:35:08.557745,0,52021563392,80979259392,36133.4375,13006.5625,45298.4375,3841.5625,42678.4375,6461.5625,44440.4375,4699.5625,41540.4375,7599.5625,43678.4375,5461.5625,42910.4375,6229.5625,42084.4375,7055.5625
2022-07-19 22:38:08.658405,0,52184666112,80839270400,36133.4375,13006.5625,45298.4375,3841.5625,42678.4375,6461.5625,44440.4375,4699.5625,41540.4375,7599.5625,43678.4375,5461.5625,42910.4375,6229.5625,42084.4375,7055.5625
2022-07-19 22:41:08.728769,0,52373934080,80649146368,37035.4375,12104.5625,45298.4375,3841.5625,42678.4375,6461.5625,44440.4375,4699.5625,41540.4375,7599.5625,43678.4375,5461.5625,42910.4375,6229.5625,42084.4375,7055.5625
2022-07-19 22:44:08.829766,0,53586264064,79061131264,37201.4375,11938.5625,45310.4375,3829.5625,42688.4375,6451.5625,44452.4375,4687.5625,41552.4375,7587.5625,43690.4375,5449.5625,42922.4375,6217.5625,42098.4375,7041.5625
2022-07-19 22:47:08.842745,0,54041227264,78592835584,37201.4375,11938.5625,45310.4375,3829.5625,42688.4375,6451.5625,44452.4375,4687.5625,41552.4375,7587.5625,43690.4375,5449.5625,42922.4375,6217.5625,42098.4375,7041.5625
2022-07-19 22:50:08.941858,0,54670958592,77956132864,37201.4375,11938.5625,45310.4375,3829.5625,42688.4375,6451.5625,44452.4375,4687.5625,41552.4375,7587.5625,43690.4375,5449.5625,42922.4375,6217.5625,42098.4375,7041.5625
2022-07-19 22:53:09.032956,0,56218611712,76398080000,37201.4375,11938.5625,45310.4375,3829.5625,42688.4375,6451.5625,44452.4375,4687.5625,41552.4375,7587.5625,43690.4375,5449.5625,42922.4375,6217.5625,42098.4375,7041.5625
2022-07-19 22:56:09.137026,0,56832753664,75774537728,37201.4375,11938.5625,45310.4375,3829.5625,42688.4375,6451.5625,46300.4375,2839.5625,41552.4375,7587.5625,43690.4375,5449.5625,42922.4375,6217.5625,42098.4375,7041.5625
2022-07-19 22:59:09.241010,0,57287073792,75315396608,37201.4375,11938.5625,45310.4375,3829.5625,42688.4375,6451.5625,46300.4375,2839.5625,42456.4375,6683.5625,43690.4375,5449.5625,42922.4375,6217.5625,42098.4375,7041.5625
2022-07-19 23:02:09.342236,0,52645752832,79898689536,37243.4375,11896.5625,45332.4375,3807.5625,42714.4375,6425.5625,47264.4375,1875.5625,42480.4375,6659.5625,43712.4375,5427.5625,42944.4375,6195.5625,43046.4375,6093.5625
2022-07-19 23:05:09.446209,0,52745302016,79796076544,39107.4375,10032.5625,45332.4375,3807.5625,42714.4375,6425.5625,47264.4375,1875.5625,42480.4375,6659.5625,43714.4375,5425.5625,42946.4375,6193.5625,43046.4375,6093.5625
2022-07-19 23:08:09.547599,0,52824797184,79687770112,39107.4375,10032.5625,45334.4375,3805.5625,42714.4375,6425.5625,47266.4375,1873.5625,42480.4375,6659.5625,43714.4375,5425.5625,42946.4375,6193.5625,43046.4375,6093.5625
2022-07-19 23:11:09.604678,0,52918300672,79617736704,39107.4375,10032.5625,45334.4375,3805.5625,42714.4375,6425.5625,47266.4375,1873.5625,42480.4375,6659.5625,43714.4375,5425.5625,42946.4375,6193.5625,43046.4375,6093.5625
2022-07-19 23:14:09.658691,0,53011738624,79520780288,39107.4375,10032.5625,45334.4375,3805.5625,42714.4375,6425.5625,47266.4375,1873.5625,42480.4375,6659.5625,43714.4375,5425.5625,42946.4375,6193.5625,43048.4375,6091.5625
2022-07-19 23:17:09.700588,0,53111726080,79419691008,39107.4375,10032.5625,45334.4375,3805.5625,42714.4375,6425.5625,47266.4375,1873.5625,42480.4375,6659.5625,43714.4375,5425.5625,42946.4375,6193.5625,43048.4375,6091.5625
2022-07-19 23:20:09.745546,0,53176889344,79352053760,39107.4375,10032.5625,45334.4375,3805.5625,42714.4375,6425.5625,47266.4375,1873.5625,42480.4375,6659.5625,43714.4375,5425.5625,42946.4375,6193.5625,43048.4375,6091.5625
2022-07-19 23:23:09.828514,0,53262643200,79261155328,39107.4375,10032.5625,45334.4375,3805.5625,43624.4375,5515.5625,47266.4375,1873.5625,42480.4375,6659.5625,43714.4375,5425.5625,42948.4375,6191.5625,43048.4375,6091.5625
2022-07-19 23:26:09.919018,0,53350105088,79170945024,39107.4375,10032.5625,46272.4375,2867.5625,43624.4375,5515.5625,47266.4375,1873.5625,42480.4375,6659.5625,43714.4375,5425.5625,42948.4375,6191.5625,43048.4375,6091.5625
2022-07-19 23:29:10.020647,0,53414793216,79103926272,39107.4375,10032.5625,46272.4375,2867.5625,44574.4375,4565.5625,47266.4375,1873.5625,42480.4375,6659.5625,43714.4375,5425.5625,42948.4375,6191.5625,43048.4375,6091.5625
2022-07-19 23:32:10.123803,1,44968357888,87551201280,47561.4375,1578.5625,38686.4375,10453.5625,35654.4375,13485.5625,37518.4375,11621.5625,34208.4375,14931.5625,39772.4375,9367.5625,35460.4375,13679.5625,35394.4375,13745.5625
2022-07-19 23:35:10.225333,1,45675225088,86843863040,48387.4375,752.5625,39458.4375,9681.5625,37232.4375,11907.5625,39976.4375,9163.5625,40616.4375,8523.5625,42980.4375,6159.5625,38820.4375,10319.5625,40396.4375,8743.5625
2022-07-19 23:38:10.257656,1,46401728512,86118645760,48387.4375,752.5625,42660.4375,6479.5625,38848.4375,10291.5625,40814.4375,8325.5625,40616.4375,8523.5625,42980.4375,6159.5625,38820.4375,10319.5625,41278.4375,7861.5625
2022-07-19 23:41:10.358829,1,46903554048,85615214592,32535.4375,16604.5625,42660.4375,6479.5625,38848.4375,10291.5625,40814.4375,8325.5625,40616.4375,8523.5625,42980.4375,6159.5625,38820.4375,10319.5625,41278.4375,7861.5625
2022-07-19 23:44:10.459805,1,47348596736,85166034944,40511.4375,8628.5625,43480.4375,5659.5625,38848.4375,10291.5625,40814.4375,8325.5625,41480.4375,7659.5625,42980.4375,6159.5625,38820.4375,10319.5625,41278.4375,7861.5625
2022-07-19 23:47:10.557578,1,47725174784,84787707904,41387.4375,7752.5625,43480.4375,5659.5625,40510.4375,8629.5625,40814.4375,8325.5625,41480.4375,7659.5625,42980.4375,6159.5625,38820.4375,10319.5625,41278.4375,7861.5625
2022-07-19 23:50:10.623024,1,48034557952,84476096512,41387.4375,7752.5625,45974.4375,3165.5625,40510.4375,8629.5625,40814.4375,8325.5625,41480.4375,7659.5625,45614.4375,3525.5625,38820.4375,10319.5625,41278.4375,7861.5625
2022-07-19 23:53:10.631903,1,48413851648,84095860736,46341.4375,2798.5625,45974.4375,3165.5625,43170.4375,5969.5625,42520.4375,6619.5625,41480.4375,7659.5625,45614.4375,3525.5625,38820.4375,10319.5625,41278.4375,7861.5625
2022-07-19 23:56:10.733586,1,50145267712,82283606016,46495.4375,2644.5625,46988.4375,2151.5625,43322.4375,5817.5625,42674.4375,6465.5625,41634.4375,7505.5625,45766.4375,3373.5625,38974.4375,10165.5625,42338.4375,6801.5625
2022-07-19 23:59:10.838342,1,50604453888,81820577792,46495.4375,2644.5625,46988.4375,2151.5625,43322.4375,5817.5625,42674.4375,6465.5625,41634.4375,7505.5625,45766.4375,3373.5625,38974.4375,10165.5625,42338.4375,6801.5625
2022-07-20 00:02:10.939788,1,51247874048,81169924096,46495.4375,2644.5625,46988.4375,2151.5625,43322.4375,5817.5625,42674.4375,6465.5625,41634.4375,7505.5625,45766.4375,3373.5625,38974.4375,10165.5625,42338.4375,6801.5625
2022-07-20 00:05:11.043898,1,51696840704,80713773056,46495.4375,2644.5625,46988.4375,2151.5625,43322.4375,5817.5625,44432.4375,4707.5625,41634.4375,7505.5625,45766.4375,3373.5625,38974.4375,10165.5625,42338.4375,6801.5625
2022-07-20 00:08:11.145290,1,53432729600,78972416000,46495.4375,2644.5625,46988.4375,2151.5625,43322.4375,5817.5625,46280.4375,2859.5625,41634.4375,7505.5625,45766.4375,3373.5625,38974.4375,10165.5625,42338.4375,6801.5625
2022-07-20 00:11:11.250365,1,53880696832,78514126848,47393.4375,1746.5625,48786.4375,353.5625,43322.4375,5817.5625,46280.4375,2859.5625,42538.4375,6601.5625,45766.4375,3373.5625,39832.4375,9307.5625,42338.4375,6801.5625
2022-07-20 00:14:11.272263,1,49308930048,83095068672,47393.4375,1746.5625,48786.4375,353.5625,43322.4375,5817.5625,46280.4375,2859.5625,42538.4375,6601.5625,45766.4375,3373.5625,40700.4375,8439.5625,42338.4375,6801.5625
2022-07-20 00:17:11.373681,1,49600532480,82798456832,47393.4375,1746.5625,48786.4375,353.5625,43322.4375,5817.5625,46280.4375,2859.5625,42538.4375,6601.5625,45766.4375,3373.5625,40700.4375,8439.5625,42338.4375,6801.5625
2022-07-20 00:20:11.475667,1,49804058624,82593144832,47393.4375,1746.5625,48786.4375,353.5625,43322.4375,5817.5625,46280.4375,2859.5625,42538.4375,6601.5625,45766.4375,3373.5625,40700.4375,8439.5625,42338.4375,6801.5625
2022-07-20 00:23:11.573792,1,49980702720,82414145536,47393.4375,1746.5625,48786.4375,353.5625,43322.4375,5817.5625,46280.4375,2859.5625,42538.4375,6601.5625,45766.4375,3373.5625,40700.4375,8439.5625,42338.4375,6801.5625
2022-07-20 00:26:11.633534,1,50142449664,82250850304,47393.4375,1746.5625,48786.4375,353.5625,43322.4375,5817.5625,46280.4375,2859.5625,43406.4375,5733.5625,45766.4375,3373.5625,40700.4375,8439.5625,42338.4375,6801.5625
2022-07-20 00:29:11.733801,1,50296737792,82093846528,47393.4375,1746.5625,48786.4375,353.5625,43322.4375,5817.5625,46280.4375,2859.5625,43406.4375,5733.5625,45766.4375,3373.5625,42470.4375,6669.5625,42338.4375,6801.5625
2022-07-20 00:32:11.836577,1,50433822720,81953865728,47393.4375,1746.5625,25094.4375,24045.5625,43322.4375,5817.5625,46280.4375,2859.5625,43406.4375,5733.5625,45766.4375,3373.5625,42470.4375,6669.5625,42338.4375,6801.5625
2022-07-20 00:35:11.940657,1,50566909952,81818583040,47393.4375,1746.5625,25094.4375,24045.5625,43322.4375,5817.5625,46280.4375,2859.5625,43406.4375,5733.5625,45766.4375,3373.5625,42470.4375,6669.5625,42338.4375,6801.5625
2022-07-20 00:38:12.043247,1,50689265664,81693900800,47393.4375,1746.5625,25094.4375,24045.5625,43322.4375,5817.5625,46280.4375,2859.5625,43406.4375,5733.5625,45766.4375,3373.5625,42470.4375,6669.5625,42338.4375,6801.5625
2022-07-20 00:41:12.144486,1,50804465664,81568522240,47393.4375,1746.5625,25094.4375,24045.5625,43322.4375,5817.5625,46280.4375,2859.5625,43406.4375,5733.5625,45766.4375,3373.5625,42470.4375,6669.5625,42338.4375,6801.5625
2022-07-20 00:44:12.209626,1,50896076800,81486561280,47393.4375,1746.5625,25094.4375,24045.5625,43322.4375,5817.5625,46280.4375,2859.5625,43406.4375,5733.5625,45766.4375,3373.5625,42470.4375,6669.5625,42338.4375,6801.5625
2022-07-20 00:47:12.312312,1,51009093632,81372418048,47393.4375,1746.5625,25094.4375,24045.5625,43322.4375,5817.5625,46280.4375,2859.5625,43406.4375,5733.5625,45766.4375,3373.5625,42470.4375,6669.5625,42338.4375,6801.5625
2022-07-20 00:50:12.385010,1,51117170688,81257672704,47393.4375,1746.5625,25094.4375,24045.5625,43322.4375,5817.5625,46280.4375,2859.5625,44314.4375,4825.5625,45766.4375,3373.5625,42470.4375,6669.5625,42338.4375,6801.5625
2022-07-20 00:53:12.388932,1,51218403328,81153773568,48307.4375,832.5625,25094.4375,24045.5625,44240.4375,4899.5625,46280.4375,2859.5625,44314.4375,4825.5625,45766.4375,3373.5625,42470.4375,6669.5625,42338.4375,6801.5625
2022-07-20 00:56:12.390643,1,51283324928,81085693952,48307.4375,832.5625,25094.4375,24045.5625,45172.4375,3967.5625,46280.4375,2859.5625,44314.4375,4825.5625,45766.4375,3373.5625,42470.4375,6669.5625,42338.4375,6801.5625
2022-07-20 00:59:12.494851,1,51395665920,80972926976,48307.4375,832.5625,25094.4375,24045.5625,45172.4375,3967.5625,46280.4375,2859.5625,44314.4375,4825.5625,45766.4375,3373.5625,43368.4375,5771.5625,42338.4375,6801.5625
2022-07-20 01:02:12.572814,1,51469856768,80895619072,48307.4375,832.5625,25094.4375,24045.5625,45172.4375,3967.5625,46280.4375,2859.5625,44314.4375,4825.5625,45766.4375,3373.5625,43368.4375,5771.5625,42338.4375,6801.5625
2022-07-20 01:05:12.677493,1,51546198016,80816234496,48307.4375,832.5625,25096.4375,24043.5625,45172.4375,3967.5625,46280.4375,2859.5625,44314.4375,4825.5625,45766.4375,3373.5625,43368.4375,5771.5625,42338.4375,6801.5625
2022-07-20 01:08:12.780653,1,51623055360,80736452608,48307.4375,832.5625,25096.4375,24043.5625,45172.4375,3967.5625,46280.4375,2859.5625,44314.4375,4825.5625,45766.4375,3373.5625,43368.4375,5771.5625,42338.4375,6801.5625
2022-07-20 01:11:12.882006,1,53622484992,78723166208,48307.4375,832.5625,25248.4375,23891.5625,45172.4375,3967.5625,46280.4375,2859.5625,44314.4375,4825.5625,45766.4375,3373.5625,43368.4375,5771.5625,42338.4375,6801.5625
2022-07-20 01:14:12.986824,1,54239592448,78098800640,48307.4375,832.5625,25248.4375,23891.5625,45172.4375,3967.5625,46280.4375,2859.5625,44314.4375,4825.5625,45766.4375,3373.5625,43368.4375,5771.5625,42338.4375,6801.5625
2022-07-20 01:17:13.089349,1,54845997056,77459554304,48307.4375,832.5625,25248.4375,23891.5625,45172.4375,3967.5625,46280.4375,2859.5625,44314.4375,4825.5625,45766.4375,3373.5625,43368.4375,5771.5625,42338.4375,6801.5625
2022-07-20 01:20:13.189598,1,55862738944,76457553920,48307.4375,832.5625,25248.4375,23891.5625,45172.4375,3967.5625,46280.4375,2859.5625,44314.4375,4825.5625,45766.4375,3373.5625,43368.4375,5771.5625,42338.4375,6801.5625
2022-07-20 01:23:13.276957,1,56296083456,76019023872,48307.4375,832.5625,25248.4375,23891.5625,45172.4375,3967.5625,46280.4375,2859.5625,44314.4375,4825.5625,45766.4375,3373.5625,43368.4375,5771.5625,42338.4375,6801.5625
2022-07-20 01:26:13.352764,1,51676557312,80642408448,48307.4375,832.5625,25248.4375,23891.5625,45172.4375,3967.5625,46280.4375,2859.5625,44314.4375,4825.5625,45766.4375,3373.5625,43368.4375,5771.5625,42338.4375,6801.5625
2022-07-20 01:29:13.452620,1,51733311488,80584912896,48307.4375,832.5625,25248.4375,23891.5625,45172.4375,3967.5625,46280.4375,2859.5625,44314.4375,4825.5625,45766.4375,3373.5625,43368.4375,5771.5625,42338.4375,6801.5625
2022-07-20 01:32:13.489587,2,44896759808,87418314752,44513.4375,4626.5625,35744.4375,13395.5625,33574.4375,15565.5625,21604.4375,27535.5625,30128.4375,19011.5625,35256.4375,13883.5625,38646.4375,10493.5625,36522.4375,12617.5625
2022-07-20 01:35:13.582249,2,45663649792,86650294272,46771.4375,2368.5625,39054.4375,10085.5625,39076.4375,10063.5625,39344.4375,9795.5625,37248.4375,11891.5625,39974.4375,9165.5625,38646.4375,10493.5625,36714.4375,12425.5625
2022-07-20 01:38:13.683807,2,46277230592,86034214912,48479.4375,660.5625,42210.4375,6929.5625,42488.4375,6651.5625,41006.4375,8133.5625,39764.4375,9375.5625,39974.4375,9165.5625,38646.4375,10493.5625,40462.4375,8677.5625
2022-07-20 01:41:13.786112,2,46802116608,85507850240,48479.4375,660.5625,42210.4375,6929.5625,42488.4375,6651.5625,41006.4375,8133.5625,39764.4375,9375.5625,40816.4375,8323.5625,38646.4375,10493.5625,41296.4375,7843.5625
2022-07-20 01:44:13.887510,2,47317094400,84991586304,34091.4375,15048.5625,42210.4375,6929.5625,42488.4375,6651.5625,41006.4375,8133.5625,39764.4375,9375.5625,41666.4375,7473.5625,38646.4375,10493.5625,41296.4375,7843.5625
2022-07-20 01:47:13.988748,2,47697952768,84608581632,34091.4375,15048.5625,42210.4375,6929.5625,42488.4375,6651.5625,43576.4375,5563.5625,39764.4375,9375.5625,42540.4375,6599.5625,38646.4375,10493.5625,41296.4375,7843.5625
2022-07-20 01:50:14.122080,2,48029470720,84276015104,34091.4375,15048.5625,42210.4375,6929.5625,42488.4375,6651.5625,45368.4375,3771.5625,39764.4375,9375.5625,42540.4375,6599.5625,38646.4375,10493.5625,43056.4375,6083.5625
2022-07-20 01:53:14.221541,2,48297177088,84005969920,35013.4375,14126.5625,42210.4375,6929.5625,42488.4375,6651.5625,45368.4375,3771.5625,41546.4375,7593.5625,42540.4375,6599.5625,38646.4375,10493.5625,43056.4375,6083.5625
2022-07-20 01:56:14.332219,2,48745209856,83554201600,35013.4375,14126.5625,42210.4375,6929.5625,43410.4375,5729.5625,45368.4375,3771.5625,41546.4375,7593.5625,43420.4375,5719.5625,38646.4375,10493.5625,43964.4375,5175.5625
2022-07-20 01:59:14.433315,2,49071255552,83223945216,35013.4375,14126.5625,42210.4375,6929.5625,43410.4375,5729.5625,45368.4375,3771.5625,41546.4375,7593.5625,43420.4375,5719.5625,38646.4375,10493.5625,43964.4375,5175.5625
2022-07-20 02:02:14.534592,2,49556869120,82737266688,35013.4375,14126.5625,42212.4375,6927.5625,43410.4375,5729.5625,45368.4375,3771.5625,41546.4375,7593.5625,45236.4375,3903.5625,38646.4375,10493.5625,43964.4375,5175.5625
2022-07-20 02:05:14.633511,2,49745743872,82545520640,35013.4375,14126.5625,42212.4375,6927.5625,43410.4375,5729.5625,45368.4375,3771.5625,41546.4375,7593.5625,45236.4375,3903.5625,38646.4375,10493.5625,43964.4375,5175.5625
2022-07-20 02:08:14.734633,2,50016464896,82273660928,35013.4375,14126.5625,42212.4375,6927.5625,43410.4375,5729.5625,45368.4375,3771.5625,41546.4375,7593.5625,45236.4375,3903.5625,38646.4375,10493.5625,43964.4375,5175.5625
2022-07-20 02:11:14.811936,2,50165944320,82120998912,35013.4375,14126.5625,42212.4375,6927.5625,43410.4375,5729.5625,45368.4375,3771.5625,41546.4375,7593.5625,45236.4375,3903.5625,38646.4375,10493.5625,43964.4375,5175.5625
2022-07-20 02:14:14.909547,2,50309578752,81974886400,35013.4375,14126.5625,42212.4375,6927.5625,43410.4375,5729.5625,45368.4375,3771.5625,41546.4375,7593.5625,45236.4375,3903.5625,38646.4375,10493.5625,43964.4375,5175.5625
2022-07-20 02:17:14.961633,2,50443816960,81839296512,35013.4375,14126.5625,42212.4375,6927.5625,43410.4375,5729.5625,45368.4375,3771.5625,41546.4375,7593.5625,45236.4375,3903.5625,38646.4375,10493.5625,43964.4375,5175.5625
2022-07-20 02:20:15.062620,2,50586107904,81695186944,35013.4375,14126.5625,42212.4375,6927.5625,43410.4375,5729.5625,45368.4375,3771.5625,41546.4375,7593.5625,45236.4375,3903.5625,38646.4375,10493.5625,43964.4375,5175.5625
2022-07-20 02:23:15.124648,2,52655190016,79588782080,35165.4375,13974.5625,42362.4375,6777.5625,43562.4375,5577.5625,45520.4375,3619.5625,41698.4375,7441.5625,45388.4375,3751.5625,38798.4375,10341.5625,44116.4375,5023.5625
2022-07-20 02:26:15.227559,2,53646286848,78622171136,35165.4375,13974.5625,42362.4375,6777.5625,43562.4375,5577.5625,45520.4375,3619.5625,41698.4375,7441.5625,45388.4375,3751.5625,38798.4375,10341.5625,44116.4375,5023.5625
2022-07-20 02:29:15.231762,2,54100647936,78162558976,35165.4375,13974.5625,42362.4375,6777.5625,43562.4375,5577.5625,45520.4375,3619.5625,41698.4375,7441.5625,45388.4375,3751.5625,38798.4375,10341.5625,44116.4375,5023.5625
2022-07-20 02:32:15.335637,2,54727139328,77530419200,35165.4375,13974.5625,42362.4375,6777.5625,43562.4375,5577.5625,45520.4375,3619.5625,41698.4375,7441.5625,45388.4375,3751.5625,38798.4375,10341.5625,44116.4375,5023.5625
2022-07-20 02:35:15.438101,2,55167774720,77083389952,35165.4375,13974.5625,43276.4375,5863.5625,43562.4375,5577.5625,47368.4375,1771.5625,41698.4375,7441.5625,45388.4375,3751.5625,38798.4375,10341.5625,44116.4375,5023.5625
2022-07-20 02:38:15.505673,2,50700763136,81551605760,35165.4375,13974.5625,43276.4375,5863.5625,43562.4375,5577.5625,47368.4375,1771.5625,41698.4375,7441.5625,45388.4375,3751.5625,38798.4375,10341.5625,44116.4375,5023.5625
2022-07-20 02:41:15.606933,2,50795020288,81456320512,35165.4375,13974.5625,43276.4375,5863.5625,43562.4375,5577.5625,47368.4375,1771.5625,41698.4375,7441.5625,45388.4375,3751.5625,38798.4375,10341.5625,44116.4375,5023.5625
2022-07-20 02:44:15.614606,2,50910158848,81336774656,35165.4375,13974.5625,43276.4375,5863.5625,43562.4375,5577.5625,47368.4375,1771.5625,41698.4375,7441.5625,45388.4375,3751.5625,38798.4375,10341.5625,44116.4375,5023.5625
2022-07-20 02:47:15.715846,2,51002933248,81242304512,35165.4375,13974.5625,43276.4375,5863.5625,43562.4375,5577.5625,47368.4375,1771.5625,41698.4375,7441.5625,45388.4375,3751.5625,38798.4375,10341.5625,44116.4375,5023.5625
2022-07-20 02:50:15.816968,2,51107098624,81137332224,36087.4375,13052.5625,43276.4375,5863.5625,43562.4375,5577.5625,47368.4375,1771.5625,41698.4375,7441.5625,45388.4375,3751.5625,38798.4375,10341.5625,44116.4375,5023.5625
2022-07-20 02:53:15.917557,2,51206688768,81032609792,36087.4375,13052.5625,43276.4375,5863.5625,43562.4375,5577.5625,47368.4375,1771.5625,41698.4375,7441.5625,45388.4375,3751.5625,38798.4375,10341.5625,44116.4375,5023.5625
2022-07-20 02:56:16.018669,2,51282354176,80955043840,36087.4375,13052.5625,43276.4375,5863.5625,43562.4375,5577.5625,47368.4375,1771.5625,41698.4375,7441.5625,45388.4375,3751.5625,38798.4375,10341.5625,44116.4375,5023.5625
2022-07-20 02:59:16.119861,2,51352203264,80884199424,36087.4375,13052.5625,43276.4375,5863.5625,43562.4375,5577.5625,47368.4375,1771.5625,41698.4375,7441.5625,45388.4375,3751.5625,38798.4375,10341.5625,44116.4375,5023.5625
2022-07-20 03:02:16.209650,2,51456684032,80776491008,36087.4375,13052.5625,43276.4375,5863.5625,43562.4375,5577.5625,47368.4375,1771.5625,41698.4375,7441.5625,45388.4375,3751.5625,39674.4375,9465.5625,44116.4375,5023.5625
2022-07-20 03:05:16.310841,2,51534655488,80696475648,37017.4375,12122.5625,43276.4375,5863.5625,43562.4375,5577.5625,47368.4375,1771.5625,41698.4375,7441.5625,45388.4375,3751.5625,39674.4375,9465.5625,44116.4375,5023.5625
2022-07-20 03:08:16.341535,2,51613728768,80615772160,37017.4375,12122.5625,43276.4375,5863.5625,43562.4375,5577.5625,47368.4375,1771.5625,41698.4375,7441.5625,45388.4375,3751.5625,39674.4375,9465.5625,44116.4375,5023.5625
2022-07-20 03:11:16.443110,2,51668803584,80560807936,37017.4375,12122.5625,43276.4375,5863.5625,43562.4375,5577.5625,47368.4375,1771.5625,41698.4375,7441.5625,45388.4375,3751.5625,39674.4375,9465.5625,44116.4375,5023.5625
2022-07-20 03:14:16.545743,2,51761508352,80465801216,37017.4375,12122.5625,43276.4375,5863.5625,43562.4375,5577.5625,47368.4375,1771.5625,41698.4375,7441.5625,45388.4375,3751.5625,39674.4375,9465.5625,44116.4375,5023.5625
2022-07-20 03:17:16.646863,3,44983635968,87217537024,46309.4375,2830.5625,38244.4375,10895.5625,37336.4375,11803.5625,36960.4375,12179.5625,36590.4375,12549.5625,37562.4375,11577.5625,37626.4375,11513.5625,38096.4375,11043.5625
2022-07-20 03:20:16.751284,3,46044987392,86177181696,46309.4375,2830.5625,40704.4375,8435.5625,38990.4375,10149.5625,38558.4375,10581.5625,40030.4375,9109.5625,40854.4375,8285.5625,41150.4375,7989.5625,38096.4375,11043.5625
2022-07-20 03:23:16.837761,3,46722273280,85497819136,46309.4375,2830.5625,41554.4375,7585.5625,39826.4375,9313.5625,38558.4375,10581.5625,43372.4375,5767.5625,40854.4375,8285.5625,42860.4375,6279.5625,38096.4375,11043.5625
2022-07-20 03:26:16.938855,3,47412371456,84805185536,48437.4375,702.5625,41554.4375,7585.5625,39826.4375,9313.5625,38558.4375,10581.5625,43372.4375,5767.5625,40854.4375,8285.5625,42860.4375,6279.5625,38096.4375,11043.5625
2022-07-20 03:29:17.034399,3,47936925696,84251185152,32975.4375,16164.5625,41554.4375,7585.5625,39826.4375,9313.5625,41064.4375,8075.5625,43372.4375,5767.5625,40854.4375,8285.5625,42860.4375,6279.5625,38096.4375,11043.5625
2022-07-20 03:32:17.055364,3,48304386048,83905884160,32975.4375,16164.5625,41554.4375,7585.5625,39826.4375,9313.5625,41064.4375,8075.5625,43372.4375,5767.5625,40854.4375,8285.5625,42860.4375,6279.5625,39860.4375,9279.5625
2022-07-20 03:35:17.157046,3,49719603200,82471424000,33131.4375,16008.5625,41706.4375,7433.5625,41678.4375,7461.5625,41216.4375,7923.5625,45376.4375,3763.5625,41004.4375,8135.5625,43012.4375,6127.5625,40014.4375,9125.5625
2022-07-20 03:38:17.261657,3,51284746240,80889266176,33131.4375,16008.5625,41706.4375,7433.5625,41678.4375,7461.5625,41216.4375,7923.5625,45376.4375,3763.5625,41004.4375,8135.5625,43012.4375,6127.5625,40014.4375,9125.5625
2022-07-20 03:41:17.303785,3,51881717760,80290562048,34009.4375,15130.5625,41706.4375,7433.5625,41678.4375,7461.5625,41216.4375,7923.5625,45376.4375,3763.5625,41004.4375,8135.5625,43012.4375,6127.5625,40014.4375,9125.5625
2022-07-20 03:44:17.405721,3,52325498880,79840563200,34009.4375,15130.5625,41706.4375,7433.5625,41678.4375,7461.5625,42974.4375,6165.5625,45376.4375,3763.5625,41004.4375,8135.5625,43012.4375,6127.5625,40014.4375,9125.5625
2022-07-20 03:47:17.456294,3,52948963328,79208214528,34009.4375,15130.5625,43504.4375,5635.5625,41678.4375,7461.5625,44822.4375,4317.5625,45376.4375,3763.5625,41900.4375,7239.5625,43012.4375,6127.5625,40014.4375,9125.5625
2022-07-20 03:50:17.559654,3,53375815680,78785654784,34907.4375,14232.5625,43504.4375,5635.5625,42538.4375,6601.5625,44822.4375,4317.5625,45376.4375,3763.5625,41900.4375,7239.5625,43012.4375,6127.5625,40014.4375,9125.5625
2022-07-20 03:53:17.606006,3,48831361024,83313442816,34907.4375,14232.5625,43504.4375,5635.5625,42538.4375,6601.5625,44822.4375,4317.5625,45376.4375,3763.5625,41900.4375,7239.5625,43866.4375,5273.5625,40014.4375,9125.5625
2022-07-20 03:56:17.610710,3,49093214208,83075186688,34907.4375,14232.5625,43504.4375,5635.5625,42538.4375,6601.5625,44822.4375,4317.5625,45376.4375,3763.5625,41900.4375,7239.5625,43866.4375,5273.5625,40014.4375,9125.5625
2022-07-20 03:59:17.713476,3,49325211648,82840100864,34907.4375,14232.5625,43504.4375,5635.5625,42538.4375,6601.5625,44822.4375,4317.5625,45376.4375,3763.5625,41900.4375,7239.5625,43866.4375,5273.5625,40014.4375,9125.5625
2022-07-20 04:02:17.782433,3,49537789952,82598473728,34907.4375,14232.5625,43504.4375,5635.5625,42538.4375,6601.5625,44822.4375,4317.5625,45376.4375,3763.5625,41900.4375,7239.5625,44740.4375,4399.5625,40014.4375,9125.5625
2022-07-20 04:05:17.885741,3,49818451968,82335789056,34907.4375,14232.5625,45500.4375,3639.5625,42538.4375,6601.5625,44822.4375,4317.5625,47310.4375,1829.5625,41900.4375,7239.5625,44740.4375,4399.5625,40014.4375,9125.5625
2022-07-20 04:08:17.988406,3,49999650816,82151436288,34907.4375,14232.5625,45500.4375,3639.5625,42538.4375,6601.5625,44822.4375,4317.5625,47310.4375,1829.5625,41900.4375,7239.5625,44740.4375,4399.5625,40014.4375,9125.5625
2022-07-20 04:11:18.089543,3,50163666944,81985187840,34907.4375,14232.5625,45500.4375,3639.5625,42538.4375,6601.5625,44822.4375,4317.5625,47310.4375,1829.5625,41900.4375,7239.5625,44740.4375,4399.5625,40014.4375,9125.5625
2022-07-20 04:14:18.163401,3,50317529088,81828921344,34907.4375,14232.5625,45500.4375,3639.5625,42538.4375,6601.5625,44822.4375,4317.5625,47310.4375,1829.5625,41900.4375,7239.5625,44740.4375,4399.5625,40014.4375,9125.5625
2022-07-20 04:17:18.265605,3,50435411968,81708281856,34907.4375,14232.5625,45500.4375,3639.5625,42538.4375,6601.5625,44822.4375,4317.5625,47310.4375,1829.5625,41900.4375,7239.5625,44740.4375,4399.5625,40014.4375,9125.5625
2022-07-20 04:20:18.289631,3,50590216192,81548886016,34907.4375,14232.5625,45500.4375,3639.5625,43412.4375,5727.5625,44822.4375,4317.5625,47310.4375,1829.5625,41900.4375,7239.5625,44740.4375,4399.5625,40014.4375,9125.5625
2022-07-20 04:23:18.327243,3,50711470080,81425084416,34907.4375,14232.5625,45500.4375,3639.5625,43412.4375,5727.5625,44822.4375,4317.5625,47310.4375,1829.5625,41900.4375,7239.5625,44740.4375,4399.5625,40014.4375,9125.5625
2022-07-20 04:26:18.348545,3,50823942144,81309364224,34907.4375,14232.5625,45500.4375,3639.5625,43412.4375,5727.5625,44822.4375,4317.5625,47310.4375,1829.5625,41900.4375,7239.5625,44740.4375,4399.5625,40014.4375,9125.5625
2022-07-20 04:29:18.360911,3,50939625472,81194110976,34907.4375,14232.5625,45500.4375,3639.5625,43412.4375,5727.5625,44822.4375,4317.5625,47310.4375,1829.5625,41900.4375,7239.5625,44740.4375,4399.5625,40014.4375,9125.5625
2022-07-20 04:32:18.463829,3,51044868096,81085861888,34907.4375,14232.5625,45500.4375,3639.5625,43412.4375,5727.5625,44822.4375,4317.5625,47310.4375,1829.5625,41900.4375,7239.5625,44740.4375,4399.5625,40014.4375,9125.5625
2022-07-20 04:35:18.565057,3,51148185600,80979935232,34907.4375,14232.5625,45500.4375,3639.5625,43412.4375,5727.5625,44822.4375,4317.5625,47310.4375,1829.5625,41900.4375,7239.5625,45618.4375,3521.5625,40014.4375,9125.5625
2022-07-20 04:38:18.666374,3,51253379072,80858742784,34907.4375,14232.5625,45500.4375,3639.5625,43412.4375,5727.5625,44822.4375,4317.5625,47310.4375,1829.5625,41900.4375,7239.5625,45618.4375,3521.5625,41854.4375,7285.5625
2022-07-20 04:41:18.770103,3,51336515584,80785924096,34907.4375,14232.5625,45500.4375,3639.5625,43412.4375,5727.5625,44822.4375,4317.5625,47310.4375,1829.5625,42804.4375,6335.5625,47428.4375,1711.5625,41854.4375,7285.5625
2022-07-20 04:44:18.869523,3,51428081664,80693194752,34907.4375,14232.5625,45500.4375,3639.5625,43412.4375,5727.5625,44822.4375,4317.5625,47310.4375,1829.5625,42804.4375,6335.5625,47428.4375,1711.5625,41854.4375,7285.5625
2022-07-20 04:47:18.970566,3,52542017536,79567310848,34907.4375,14232.5625,45500.4375,3639.5625,43412.4375,5727.5625,44822.4375,4317.5625,47310.4375,1829.5625,42804.4375,6335.5625,47428.4375,1711.5625,41854.4375,7285.5625
2022-07-20 04:50:19.073745,3,53406879744,78701957120,34907.4375,14232.5625,45500.4375,3639.5625,43412.4375,5727.5625,44822.4375,4317.5625,47310.4375,1829.5625,42804.4375,6335.5625,47428.4375,1711.5625,41854.4375,7285.5625
2022-07-20 04:53:19.177926,3,54927855616,77174398976,34907.4375,14232.5625,45500.4375,3639.5625,43412.4375,5727.5625,44822.4375,4317.5625,47310.4375,1829.5625,42804.4375,6335.5625,47428.4375,1711.5625,41854.4375,7285.5625
2022-07-20 04:56:19.279306,3,55355977728,76734312448,34907.4375,14232.5625,45500.4375,3639.5625,43412.4375,5727.5625,44822.4375,4317.5625,47310.4375,1829.5625,42804.4375,6335.5625,47428.4375,1711.5625,41854.4375,7285.5625
2022-07-20 04:59:19.309897,3,55789789184,76299034624,34907.4375,14232.5625,45500.4375,3639.5625,43412.4375,5727.5625,44822.4375,4317.5625,47310.4375,1829.5625,42804.4375,6335.5625,47428.4375,1711.5625,41854.4375,7285.5625
2022-07-20 05:02:19.317748,3,56221794304,75859914752,34907.4375,14232.5625,45500.4375,3639.5625,43412.4375,5727.5625,44822.4375,4317.5625,47310.4375,1829.5625,42804.4375,6335.5625,47428.4375,1711.5625,41854.4375,7285.5625
2022-07-20 05:05:19.375265,3,51560853504,80526213120,34907.4375,14232.5625,45500.4375,3639.5625,43412.4375,5727.5625,44822.4375,4317.5625,47310.4375,1829.5625,42804.4375,6335.5625,47428.4375,1711.5625,41854.4375,7285.5625
2022-07-20 05:08:19.477535,3,51631034368,80454299648,34907.4375,14232.5625,45500.4375,3639.5625,43412.4375,5727.5625,44822.4375,4317.5625,47310.4375,1829.5625,42804.4375,6335.5625,47428.4375,1711.5625,41854.4375,7285.5625
2022-07-20 05:11:19.578745,3,51696549888,80387768320,34907.4375,14232.5625,45500.4375,3639.5625,43412.4375,5727.5625,44822.4375,4317.5625,47310.4375,1829.5625,42804.4375,6335.5625,47428.4375,1711.5625,41854.4375,7285.5625
2022-07-20 05:14:19.680085,3,51769143296,80286683136,34907.4375,14232.5625,45500.4375,3639.5625,43412.4375,5727.5625,44822.4375,4317.5625,47310.4375,1829.5625,42804.4375,6335.5625,47428.4375,1711.5625,41854.4375,7285.5625
2022-07-20 05:17:19.781539,3,51834728448,80246087680,34907.4375,14232.5625,45500.4375,3639.5625,43412.4375,5727.5625,44822.4375,4317.5625,47310.4375,1829.5625,42804.4375,6335.5625,47428.4375,1711.5625,41854.4375,7285.5625
2022-07-20 05:20:19.882484,4,45591855104,86487310336,46773.4375,2366.5625,39094.4375,10045.5625,30152.4375,18987.5625,37488.4375,11651.5625,41436.4375,7703.5625,33822.4375,15317.5625,40454.4375,8685.5625,39016.4375,10123.5625
2022-07-20 05:23:19.904409,4,46227283968,85852286976,47563.4375,1576.5625,40786.4375,8353.5625,37134.4375,12005.5625,39852.4375,9287.5625,41436.4375,7703.5625,39786.4375,9353.5625,40454.4375,8685.5625,41054.4375,8085.5625
2022-07-20 05:26:19.916905,4,46851096576,85223493632,33141.4375,15998.5625,41680.4375,7459.5625,39496.4375,9643.5625,39958.4375,9181.5625,41436.4375,7703.5625,39786.4375,9353.5625,40454.4375,8685.5625,41054.4375,8085.5625
2022-07-20 05:29:19.965455,4,47598383104,84475703296,33141.4375,15998.5625,41680.4375,7459.5625,40334.4375,8805.5625,39958.4375,9181.5625,41436.4375,7703.5625,39786.4375,9353.5625,40454.4375,8685.5625,41054.4375,8085.5625
2022-07-20 05:32:20.002744,4,48086171648,83984928768,42221.4375,6918.5625,41680.4375,7459.5625,41214.4375,7925.5625,39958.4375,9181.5625,41436.4375,7703.5625,41140.4375,7999.5625,40454.4375,8685.5625,41054.4375,8085.5625
2022-07-20 05:35:20.103995,4,48507629568,83562381312,42221.4375,6918.5625,41680.4375,7459.5625,42110.4375,7029.5625,40064.4375,9075.5625,41436.4375,7703.5625,41140.4375,7999.5625,40454.4375,8685.5625,41054.4375,8085.5625
2022-07-20 05:38:20.205166,4,48809000960,83260420096,42221.4375,6918.5625,41680.4375,7459.5625,42110.4375,7029.5625,40064.4375,9075.5625,41436.4375,7703.5625,41984.4375,7155.5625,40454.4375,8685.5625,41054.4375,8085.5625
2022-07-20 05:41:20.310998,4,49064808448,83003564032,42221.4375,6918.5625,41680.4375,7459.5625,42110.4375,7029.5625,40968.4375,8171.5625,43234.4375,5905.5625,41984.4375,7155.5625,40454.4375,8685.5625,41054.4375,8085.5625
2022-07-20 05:44:20.413056,4,49299611648,82765426688,42221.4375,6918.5625,41680.4375,7459.5625,42110.4375,7029.5625,40968.4375,8171.5625,43234.4375,5905.5625,41984.4375,7155.5625,40454.4375,8685.5625,41934.4375,7205.5625
2022-07-20 05:47:20.488520,4,49508417536,82554306560,42221.4375,6918.5625,41680.4375,7459.5625,42110.4375,7029.5625,41918.4375,7221.5625,43234.4375,5905.5625,42840.4375,6299.5625,40454.4375,8685.5625,41934.4375,7205.5625
2022-07-20 05:50:20.589639,4,49792507904,82268278784,42221.4375,6918.5625,41680.4375,7459.5625,42110.4375,7029.5625,41918.4375,7221.5625,43234.4375,5905.5625,42840.4375,6299.5625,40454.4375,8685.5625,42820.4375,6319.5625
2022-07-20 05:53:20.690679,4,49969098752,82087596032,42221.4375,6918.5625,41680.4375,7459.5625,42110.4375,7029.5625,41918.4375,7221.5625,43234.4375,5905.5625,42840.4375,6299.5625,40454.4375,8685.5625,42820.4375,6319.5625
2022-07-20 05:56:20.781364,4,50123464704,81933733888,42221.4375,6918.5625,41680.4375,7459.5625,42110.4375,7029.5625,41918.4375,7221.5625,43234.4375,5905.5625,42840.4375,6299.5625,40454.4375,8685.5625,42820.4375,6319.5625
2022-07-20 05:59:20.873270,4,50281070592,81773383680,42221.4375,6918.5625,41680.4375,7459.5625,42110.4375,7029.5625,41918.4375,7221.5625,43234.4375,5905.5625,42840.4375,6299.5625,40454.4375,8685.5625,42820.4375,6319.5625
2022-07-20 06:02:20.957943,4,51605524480,80437276672,42373.4375,6766.5625,41832.4375,7307.5625,42262.4375,6877.5625,42070.4375,7069.5625,43386.4375,5753.5625,42992.4375,6147.5625,40602.4375,8537.5625,42972.4375,6167.5625
2022-07-20 06:05:21.056827,4,52464218112,79575146496,42373.4375,6766.5625,41832.4375,7307.5625,42262.4375,6877.5625,42070.4375,7069.5625,43386.4375,5753.5625,44730.4375,4409.5625,40602.4375,8537.5625,42972.4375,6167.5625
2022-07-20 06:08:21.107804,4,53825609728,78208245760,42373.4375,6766.5625,41832.4375,7307.5625,42262.4375,6877.5625,42070.4375,7069.5625,43386.4375,5753.5625,44730.4375,4409.5625,40602.4375,8537.5625,42972.4375,6167.5625
2022-07-20 06:11:21.179373,4,54435241984,77594947584,42373.4375,6766.5625,41832.4375,7307.5625,42262.4375,6877.5625,42070.4375,7069.5625,43386.4375,5753.5625,44730.4375,4409.5625,40602.4375,8537.5625,42972.4375,6167.5625
2022-07-20 06:14:21.280916,4,54896287744,77126205440,42373.4375,6766.5625,42746.4375,6393.5625,42262.4375,6877.5625,42994.4375,6145.5625,44290.4375,4849.5625,46508.4375,2631.5625,40602.4375,8537.5625,42972.4375,6167.5625
2022-07-20 06:17:21.383849,4,50397573120,81625370624,43271.4375,5868.5625,42746.4375,6393.5625,42262.4375,6877.5625,42994.4375,6145.5625,44290.4375,4849.5625,46508.4375,2631.5625,40602.4375,8537.5625,42972.4375,6167.5625
2022-07-20 06:20:21.486092,4,50537406464,81486696448,43271.4375,5868.5625,42746.4375,6393.5625,42262.4375,6877.5625,42994.4375,6145.5625,44290.4375,4849.5625,46508.4375,2631.5625,40602.4375,8537.5625,42972.4375,6167.5625
2022-07-20 06:23:21.585517,4,50677493760,81340567552,43271.4375,5868.5625,42746.4375,6393.5625,42262.4375,6877.5625,42994.4375,6145.5625,44290.4375,4849.5625,46508.4375,2631.5625,40602.4375,8537.5625,42972.4375,6167.5625
2022-07-20 06:26:21.686857,4,50785103872,81232515072,43271.4375,5868.5625,42746.4375,6393.5625,42262.4375,6877.5625,42994.4375,6145.5625,44290.4375,4849.5625,46508.4375,2631.5625,40602.4375,8537.5625,42972.4375,6167.5625
2022-07-20 06:29:21.705317,4,50897297408,81118674944,43271.4375,5868.5625,42746.4375,6393.5625,42262.4375,6877.5625,42994.4375,6145.5625,44290.4375,4849.5625,46508.4375,2631.5625,40602.4375,8537.5625,42972.4375,6167.5625
2022-07-20 06:32:21.806385,4,51015303168,80999317504,43271.4375,5868.5625,42746.4375,6393.5625,42262.4375,6877.5625,42994.4375,6145.5625,44290.4375,4849.5625,46508.4375,2631.5625,40602.4375,8537.5625,42972.4375,6167.5625
2022-07-20 06:35:21.907681,4,51100368896,80911314944,43271.4375,5868.5625,42746.4375,6393.5625,42262.4375,6877.5625,42994.4375,6145.5625,44290.4375,4849.5625,46508.4375,2631.5625,40602.4375,8537.5625,42972.4375,6167.5625
2022-07-20 06:38:22.009066,4,51202387968,80809398272,43271.4375,5868.5625,42746.4375,6393.5625,42262.4375,6877.5625,42994.4375,6145.5625,44290.4375,4849.5625,46508.4375,2631.5625,40602.4375,8537.5625,42972.4375,6167.5625
2022-07-20 06:41:22.111292,4,51291455488,80701370368,43271.4375,5868.5625,42746.4375,6393.5625,42262.4375,6877.5625,42994.4375,6145.5625,44290.4375,4849.5625,46508.4375,2631.5625,40602.4375,8537.5625,42972.4375,6167.5625
2022-07-20 06:44:22.117147,4,51380879360,80626368512,43271.4375,5868.5625,42746.4375,6393.5625,42262.4375,6877.5625,42994.4375,6145.5625,44290.4375,4849.5625,46508.4375,2631.5625,40602.4375,8537.5625,42972.4375,6167.5625
2022-07-20 06:47:22.153516,4,51463196672,80543088640,43271.4375,5868.5625,42746.4375,6393.5625,42262.4375,6877.5625,42994.4375,6145.5625,44290.4375,4849.5625,46508.4375,2631.5625,40602.4375,8537.5625,42972.4375,6167.5625
2022-07-20 06:50:22.254671,4,51542343680,80460517376,43271.4375,5868.5625,42746.4375,6393.5625,42262.4375,6877.5625,42994.4375,6145.5625,44290.4375,4849.5625,46508.4375,2631.5625,40602.4375,8537.5625,42972.4375,6167.5625
2022-07-20 06:53:22.348411,4,51621613568,80379662336,43271.4375,5868.5625,42746.4375,6393.5625,42262.4375,6877.5625,42994.4375,6145.5625,44290.4375,4849.5625,46508.4375,2631.5625,40602.4375,8537.5625,42972.4375,6167.5625
2022-07-20 06:56:22.372517,4,51753873408,80242544640,43271.4375,5868.5625,42746.4375,6393.5625,44116.4375,5023.5625,42994.4375,6145.5625,44290.4375,4849.5625,46508.4375,2631.5625,40602.4375,8537.5625,42972.4375,6167.5625
2022-07-20 06:59:22.473522,4,51830333440,80164999168,43271.4375,5868.5625,42746.4375,6393.5625,44116.4375,5023.5625,42994.4375,6145.5625,44290.4375,4849.5625,46508.4375,2631.5625,40602.4375,8537.5625,42972.4375,6167.5625
2022-07-20 07:02:22.574587,4,51894763520,80098004992,43271.4375,5868.5625,42746.4375,6393.5625,44116.4375,5023.5625,42994.4375,6145.5625,44290.4375,4849.5625,46508.4375,2631.5625,40602.4375,8537.5625,42972.4375,6167.5625
